Category,Split,G,GS,PA,AB,R,H,2B,3B,HR,RBI,SB,CS,BB,SO,BA,OBP,SLG,OPS,TB,GDP,HBP,SH,SF,IBB,ROE,BAbip,tOPS+,sOPS+
season,2021 Totals,2071.0,143.0,5374.0,4746.0,699,1149.0,232.0,18.0,215.0,672.0,55.0,18.0,501.0,1275.0,0.242,0.32,0.434,0.754,2062.0,71.0,60.0,28.0,38.0,34.0,34.0,0.284,100.0,107.0
season,Last 7 days,96.0,6.0,231.0,207.0,28,49.0,12.0,1.0,11.0,26.0,0.0,1.0,20.0,59.0,0.237,0.316,0.464,0.78,96.0,1.0,4.0,0.0,0.0,1.0,3.0,0.277,106.0,110.0
season,Last 14 days,184.0,12.0,449.0,404.0,63,97.0,22.0,2.0,24.0,61.0,0.0,2.0,34.0,96.0,0.24,0.304,0.483,0.786,195.0,3.0,5.0,1.0,5.0,1.0,4.0,0.253,106.0,109.0
season,Last 28 days,328.0,23.0,860.0,772.0,110,184.0,35.0,4.0,40.0,107.0,4.0,2.0,69.0,184.0,0.238,0.305,0.449,0.755,347.0,8.0,9.0,2.0,8.0,2.0,5.0,0.259,99.0,104.0
platoon,vs RHP,142.0,,4001.0,3531.0,520,857.0,160.0,15.0,166.0,502.0,44.0,11.0,377.0,969.0,0.243,0.322,0.438,0.76,1545.0,52.0,48.0,20.0,24.0,30.0,27.0,0.286,102.0,110.0
platoon,vs LHP,108.0,,1373.0,1215.0,179,292.0,72.0,3.0,49.0,170.0,11.0,7.0,124.0,306.0,0.24,0.314,0.426,0.739,517.0,19.0,12.0,8.0,14.0,4.0,7.0,0.278,96.0,101.0
platoon,vs RHP as RHB,142.0,,2376.0,2116.0,314,510.0,96.0,6.0,105.0,306.0,20.0,4.0,198.0,630.0,0.241,0.315,0.441,0.756,933.0,39.0,37.0,10.0,14.0,13.0,20.0,0.29,100.0,112.0
platoon,vs RHP as LHB,141.0,,1625.0,1415.0,206,347.0,64.0,9.0,61.0,196.0,24.0,7.0,179.0,339.0,0.245,0.333,0.433,0.765,612.0,13.0,11.0,10.0,10.0,17.0,7.0,0.279,104.0,107.0
platoon,vs LHP as RHB,105.0,,1083.0,955.0,141,227.0,64.0,1.0,39.0,135.0,11.0,4.0,104.0,253.0,0.238,0.314,0.429,0.744,410.0,13.0,8.0,5.0,11.0,4.0,4.0,0.279,97.0,94.0
platoon,vs LHP as LHB,98.0,,290.0,260.0,38,65.0,8.0,2.0,10.0,35.0,0.0,3.0,20.0,53.0,0.25,0.31,0.412,0.722,107.0,6.0,4.0,3.0,3.0,0.0,3.0,0.275,92.0,120.0
platoon,vs RH Starter,1508.0,104.0,3887.0,3439.0,473,813.0,159.0,15.0,154.0,455.0,40.0,12.0,358.0,935.0,0.236,0.314,0.426,0.739,1464.0,51.0,42.0,20.0,27.0,27.0,28.0,0.277,96.0,104.0
platoon,vs LH Starter,563.0,39.0,1487.0,1307.0,226,336.0,73.0,3.0,61.0,217.0,15.0,6.0,143.0,340.0,0.257,0.336,0.458,0.794,598.0,20.0,18.0,8.0,11.0,7.0,6.0,0.3,111.0,116.0
hmvis,Home,1077.0,72.0,2689.0,2375.0,369,592.0,127.0,9.0,107.0,355.0,31.0,11.0,245.0,657.0,0.249,0.325,0.445,0.771,1058.0,29.0,33.0,14.0,21.0,18.0,20.0,0.297,104.0,107.0
hmvis,Away,994.0,71.0,2685.0,2371.0,330,557.0,105.0,9.0,108.0,317.0,24.0,7.0,256.0,618.0,0.235,0.314,0.423,0.738,1004.0,42.0,27.0,14.0,17.0,16.0,14.0,0.27,96.0,107.0
half,1st Half,1293.0,89.0,3327.0,2916.0,420,695.0,152.0,12.0,123.0,403.0,42.0,15.0,327.0,835.0,0.238,0.322,0.425,0.747,1240.0,51.0,42.0,18.0,24.0,24.0,21.0,0.289,99.0,107.0
half,2nd Half,778.0,54.0,2047.0,1830.0,279,454.0,80.0,6.0,92.0,269.0,13.0,3.0,174.0,440.0,0.248,0.317,0.449,0.766,822.0,20.0,18.0,10.0,14.0,10.0,13.0,0.276,103.0,106.0
month,April/March,374.0,26.0,961.0,835.0,122,196.0,44.0,3.0,38.0,117.0,6.0,1.0,97.0,224.0,0.235,0.324,0.431,0.755,360.0,15.0,17.0,4.0,8.0,6.0,7.0,0.272,101.0,115.0
month,May,348.0,25.0,940.0,833.0,126,195.0,35.0,4.0,43.0,123.0,8.0,5.0,81.0,252.0,0.234,0.308,0.441,0.749,367.0,16.0,11.0,8.0,7.0,9.0,4.0,0.279,98.0,109.0
month,June,419.0,28.0,1038.0,910.0,127,221.0,53.0,3.0,33.0,120.0,22.0,7.0,108.0,261.0,0.243,0.327,0.416,0.744,379.0,11.0,9.0,5.0,6.0,3.0,7.0,0.302,98.0,102.0
month,July,375.0,26.0,986.0,882.0,127,227.0,47.0,2.0,34.0,123.0,9.0,3.0,85.0,230.0,0.257,0.327,0.431,0.758,380.0,13.0,9.0,4.0,6.0,10.0,9.0,0.309,102.0,104.0
month,August,371.0,26.0,1000.0,882.0,134,213.0,31.0,4.0,43.0,128.0,10.0,0.0,96.0,212.0,0.241,0.32,0.432,0.752,381.0,13.0,9.0,6.0,6.0,5.0,3.0,0.269,100.0,105.0
month,Sept/Oct,184.0,12.0,449.0,404.0,63,97.0,22.0,2.0,24.0,61.0,0.0,2.0,34.0,96.0,0.24,0.304,0.483,0.786,195.0,3.0,5.0,1.0,5.0,1.0,4.0,0.253,106.0,109.0
outcome,in Wins,1090.0,76.0,2955.0,2554.0,496,694.0,147.0,11.0,148.0,483.0,36.0,9.0,321.0,611.0,0.272,0.358,0.512,0.87,1307.0,33.0,36.0,18.0,25.0,31.0,12.0,0.3,130.0,105.0
outcome,in Losses,981.0,67.0,2419.0,2192.0,203,455.0,85.0,7.0,67.0,189.0,19.0,9.0,180.0,664.0,0.208,0.274,0.344,0.618,755.0,38.0,24.0,10.0,13.0,3.0,22.0,0.263,65.0,105.0
stsub,as Starter,1287.0,143.0,5051.0,4472.0,651,1102.0,221.0,17.0,204.0,630.0,54.0,18.0,458.0,1185.0,0.246,0.322,0.44,0.762,1969.0,67.0,57.0,25.0,38.0,32.0,31.0,0.288,102.0,108.0
stsub,as Sub,784.0,0.0,323.0,274.0,48,47.0,11.0,1.0,11.0,42.0,1.0,0.0,43.0,90.0,0.172,0.291,0.339,0.63,93.0,4.0,3.0,3.0,0.0,2.0,3.0,0.208,69.0,97.0
age,Ages 25-,508.0,490.0,1932.0,1707.0,267,429.0,88.0,9.0,91.0,266.0,34.0,10.0,168.0,494.0,0.251,0.326,0.473,0.8,808.0,17.0,31.0,7.0,19.0,8.0,12.0,0.296,111.0,121.0
age,Ages 26-30,777.0,407.0,1733.0,1545.0,209,366.0,82.0,4.0,60.0,205.0,12.0,4.0,149.0,400.0,0.237,0.309,0.412,0.72,636.0,25.0,16.0,11.0,11.0,7.0,12.0,0.279,92.0,97.0
age,Ages 31-35,670.0,339.0,1551.0,1352.0,211,333.0,61.0,5.0,62.0,192.0,9.0,4.0,175.0,325.0,0.246,0.337,0.436,0.773,590.0,28.0,13.0,4.0,7.0,18.0,9.0,0.279,106.0,113.0
age,Ages 36+,116.0,51.0,158.0,142.0,12,21.0,1.0,0.0,2.0,9.0,0.0,0.0,9.0,56.0,0.148,0.197,0.197,0.395,28.0,1.0,0.0,6.0,1.0,1.0,1.0,0.224,7.0,10.0
defp,as C,143.0,,559.0,498.0,46,93.0,15.0,1.0,14.0,53.0,0.0,0.0,51.0,152.0,0.187,0.269,0.305,0.574,152.0,12.0,6.0,1.0,3.0,6.0,1.0,0.236,54.0,66.0
defp,as 1B,143.0,,636.0,549.0,109,161.0,23.0,2.0,30.0,79.0,8.0,3.0,78.0,98.0,0.293,0.387,0.506,0.893,278.0,9.0,7.0,0.0,2.0,14.0,6.0,0.31,138.0,128.0
defp,as 2B,143.0,,629.0,576.0,93,150.0,35.0,7.0,29.0,97.0,17.0,3.0,45.0,118.0,0.26,0.315,0.497,0.811,286.0,3.0,3.0,0.0,5.0,2.0,3.0,0.279,113.0,119.0
defp,as 3B,143.0,,596.0,523.0,76,156.0,26.0,1.0,29.0,93.0,0.0,1.0,52.0,144.0,0.298,0.369,0.518,0.887,271.0,11.0,12.0,0.0,9.0,2.0,5.0,0.354,135.0,138.0
defp,as SS,143.0,,597.0,539.0,74,135.0,31.0,2.0,26.0,82.0,9.0,3.0,46.0,146.0,0.25,0.312,0.46,0.772,248.0,8.0,5.0,1.0,6.0,4.0,7.0,0.292,104.0,109.0
defp,as LF,143.0,,596.0,527.0,65,115.0,24.0,1.0,25.0,82.0,2.0,2.0,65.0,133.0,0.218,0.305,0.41,0.715,216.0,13.0,2.0,0.0,2.0,2.0,2.0,0.243,90.0,94.0
defp,as CF,143.0,,558.0,496.0,63,100.0,29.0,1.0,14.0,49.0,1.0,0.0,45.0,139.0,0.202,0.28,0.349,0.629,173.0,8.0,10.0,4.0,3.0,2.0,5.0,0.249,68.0,76.0
defp,as RF,143.0,,655.0,557.0,112,155.0,33.0,2.0,35.0,88.0,17.0,6.0,78.0,148.0,0.278,0.374,0.533,0.907,297.0,3.0,11.0,1.0,7.0,2.0,2.0,0.315,140.0,134.0
defp,as DH,10.0,,43.0,38.0,6,13.0,1.0,0.0,2.0,3.0,0.0,0.0,4.0,8.0,0.342,0.395,0.526,0.922,20.0,0.0,0.0,0.0,1.0,0.0,0.0,0.379,145.0,144.0
defp,as P,133.0,,268.0,240.0,17,36.0,6.0,0.0,2.0,11.0,0.0,0.0,7.0,127.0,0.15,0.177,0.2,0.377,48.0,0.0,1.0,20.0,0.0,0.0,0.0,0.306,1.0,161.0
defp,as PH,133.0,,238.0,204.0,36,35.0,9.0,1.0,9.0,35.0,1.0,0.0,30.0,63.0,0.172,0.287,0.358,0.645,73.0,4.0,3.0,1.0,0.0,0.0,3.0,0.197,72.0,100.0
defp,as PH for DH,1.0,,1.0,1.0,0,0.0,0.0,0.0,0.0,0.0,0.0,0.0,0.0,1.0,0.0,0.0,0.0,0.0,0.0,0.0,0.0,0.0,0.0,0.0,0.0,,-100.0,-100.0
defp,as PR,,,,,2,,,,,,0.0,0.0,,,,,,,,,,,,,,,,
defp,as Infield,143.0,,3017.0,2685.0,398,695.0,130.0,13.0,128.0,404.0,34.0,10.0,272.0,658.0,0.259,0.332,0.46,0.792,1235.0,43.0,33.0,2.0,25.0,28.0,22.0,0.295,110.0,114.0
defp,as Outfield,143.0,,1809.0,1580.0,240,370.0,86.0,4.0,74.0,219.0,20.0,8.0,188.0,420.0,0.234,0.322,0.434,0.756,686.0,24.0,23.0,5.0,12.0,6.0,9.0,0.27,101.0,103.0
defp,at Def. Pos.,143.0,,2343.0,2109.0,276,478.0,110.0,11.0,83.0,281.0,27.0,6.0,187.0,555.0,0.227,0.295,0.407,0.702,859.0,31.0,24.0,6.0,17.0,14.0,16.0,0.265,86.0,94.0
defp,at Off. Pos.,143.0,,2763.0,2397.0,406,635.0,116.0,7.0,130.0,380.0,28.0,12.0,307.0,593.0,0.265,0.354,0.482,0.836,1155.0,40.0,35.0,2.0,21.0,20.0,18.0,0.298,122.0,122.0
leadoff,1st Batter G,143.0,,143.0,124.0,6,27.0,4.0,1.0,6.0,6.0,0.0,0.0,15.0,34.0,0.218,0.322,0.411,0.733,51.0,0.0,4.0,0.0,0.0,0.0,0.0,0.25,95.0,88.0
leadoff,Leadoff Inn.,143.0,,1249.0,1139.0,52,268.0,54.0,6.0,51.0,51.0,0.0,0.0,95.0,317.0,0.235,0.303,0.428,0.73,487.0,0.0,15.0,0.0,0.0,2.0,17.0,0.281,93.0,99.0
bop,Batting 1st,163.0,143.0,661.0,570.0,115,145.0,28.0,3.0,39.0,93.0,22.0,7.0,69.0,153.0,0.254,0.343,0.519,0.862,296.0,3.0,12.0,2.0,8.0,2.0,1.0,0.275,127.0,123.0
bop,Batting 2nd,179.0,143.0,645.0,561.0,96,152.0,28.0,0.0,31.0,82.0,4.0,2.0,76.0,119.0,0.271,0.359,0.487,0.845,273.0,8.0,3.0,0.0,4.0,7.0,3.0,0.292,124.0,118.0
bop,Batting 3rd,152.0,143.0,628.0,565.0,101,155.0,27.0,5.0,27.0,96.0,15.0,3.0,56.0,104.0,0.274,0.344,0.483,0.827,273.0,9.0,5.0,0.0,2.0,8.0,5.0,0.294,119.0,105.0
bop,Batting 4th,150.0,143.0,614.0,552.0,76,145.0,32.0,3.0,27.0,90.0,2.0,2.0,51.0,141.0,0.263,0.329,0.478,0.807,264.0,9.0,6.0,0.0,5.0,0.0,3.0,0.303,113.0,105.0
bop,Batting 5th,160.0,143.0,597.0,532.0,66,139.0,36.0,1.0,22.0,90.0,4.0,1.0,46.0,133.0,0.261,0.324,0.457,0.781,243.0,8.0,8.0,1.0,10.0,3.0,7.0,0.302,107.0,110.0
bop,Batting 6th,169.0,143.0,578.0,514.0,63,130.0,24.0,2.0,26.0,67.0,4.0,2.0,56.0,144.0,0.253,0.332,0.459,0.791,236.0,12.0,6.0,0.0,2.0,3.0,3.0,0.301,110.0,120.0
bop,Batting 7th,161.0,143.0,569.0,503.0,65,117.0,19.0,3.0,20.0,65.0,2.0,0.0,52.0,143.0,0.233,0.316,0.402,0.718,202.0,9.0,11.0,0.0,3.0,2.0,6.0,0.283,91.0,107.0
bop,Batting 8th,177.0,143.0,549.0,484.0,60,86.0,23.0,0.0,12.0,41.0,1.0,1.0,53.0,142.0,0.178,0.264,0.3,0.564,145.0,9.0,5.0,4.0,3.0,8.0,4.0,0.222,52.0,72.0
bop,Batting 9th,760.0,143.0,533.0,465.0,57,80.0,15.0,1.0,11.0,48.0,1.0,0.0,42.0,196.0,0.172,0.246,0.28,0.526,130.0,4.0,4.0,21.0,1.0,1.0,2.0,0.266,41.0,88.0
bop,"Bat1-2,non-P",304.0,286.0,1306.0,1131.0,211,297.0,56.0,3.0,70.0,175.0,26.0,9.0,145.0,272.0,0.263,0.351,0.503,0.854,569.0,11.0,15.0,2.0,12.0,9.0,4.0,0.283,126.0,121.0
bop,"Bat3-6,non-P",600.0,572.0,2417.0,2163.0,306,569.0,119.0,11.0,102.0,343.0,25.0,8.0,209.0,522.0,0.263,0.332,0.47,0.802,1016.0,38.0,25.0,1.0,19.0,14.0,18.0,0.3,112.0,110.0
bop,"Bat7-9,non-P",550.0,296.0,1383.0,1212.0,164,247.0,51.0,4.0,41.0,143.0,4.0,1.0,140.0,354.0,0.204,0.295,0.354,0.649,429.0,22.0,19.0,5.0,7.0,11.0,12.0,0.25,74.0,94.0
count,First Pitch,142.0,,644.0,603.0,130,202.0,37.0,1.0,41.0,125.0,12.0,3.0,0.0,0.0,0.335,0.349,0.604,0.953,364.0,14.0,18.0,13.0,9.0,0.0,3.0,0.282,148.0,103.0
count,1-0 Count,129.0,,332.0,317.0,57,102.0,21.0,2.0,17.0,53.0,11.0,2.0,0.0,0.0,0.322,0.325,0.562,0.887,178.0,8.0,5.0,3.0,7.0,0.0,2.0,0.277,131.0,93.0
count,2-0 Count,80.0,,117.0,113.0,15,33.0,8.0,0.0,6.0,14.0,0.0,0.0,0.0,0.0,0.292,0.287,0.522,0.809,59.0,4.0,0.0,2.0,2.0,0.0,2.0,0.248,110.0,61.0
count,3-0 Count,84.0,,131.0,15.0,7,5.0,0.0,0.0,1.0,7.0,0.0,0.0,115.0,0.0,0.333,0.924,0.533,1.457,8.0,0.0,1.0,0.0,0.0,32.0,0.0,0.286,312.0,66.0
count,0-1 Count,134.0,,422.0,414.0,78,146.0,35.0,4.0,19.0,73.0,6.0,2.0,0.0,0.0,0.353,0.357,0.594,0.951,246.0,7.0,4.0,2.0,2.0,0.0,6.0,0.32,148.0,125.0
count,1-1 Count,136.0,,381.0,370.0,80,132.0,33.0,2.0,20.0,75.0,6.0,2.0,0.0,0.0,0.357,0.362,0.619,0.981,229.0,7.0,5.0,3.0,3.0,0.0,8.0,0.317,156.0,114.0
count,2-1 Count,113.0,,239.0,231.0,53,76.0,13.0,1.0,19.0,52.0,2.0,2.0,0.0,0.0,0.329,0.332,0.641,0.973,148.0,3.0,2.0,4.0,2.0,0.0,0.0,0.266,151.0,105.0
count,3-1 Count,112.0,,226.0,87.0,25,30.0,7.0,0.0,8.0,25.0,0.0,0.0,138.0,0.0,0.345,0.743,0.701,1.445,61.0,0.0,0.0,0.0,1.0,2.0,1.0,0.275,294.0,109.0
count,0-2 Count,138.0,,530.0,527.0,29,65.0,9.0,2.0,9.0,29.0,6.0,1.0,0.0,285.0,0.123,0.126,0.199,0.326,105.0,14.0,2.0,0.0,1.0,0.0,1.0,0.239,-15.0,70.0
count,1-2 Count,143.0,,779.0,764.0,76,108.0,22.0,1.0,23.0,73.0,5.0,0.0,0.0,419.0,0.141,0.152,0.263,0.415,201.0,7.0,10.0,1.0,4.0,0.0,6.0,0.261,8.0,102.0
count,2-2 Count,143.0,,822.0,812.0,82,146.0,32.0,4.0,29.0,82.0,2.0,0.0,0.0,375.0,0.18,0.185,0.336,0.521,273.0,4.0,6.0,0.0,4.0,0.0,4.0,0.284,35.0,124.0
count,Full Count,143.0,,751.0,493.0,67,104.0,15.0,1.0,23.0,64.0,5.0,6.0,248.0,196.0,0.211,0.478,0.385,0.863,190.0,3.0,7.0,0.0,3.0,0.0,1.0,0.292,138.0,115.0
count,After 1-0,143.0,,2105.0,1696.0,261,425.0,83.0,10.0,85.0,254.0,,,361.0,386.0,0.251,0.384,0.462,0.846,783.0,24.0,19.0,10.0,19.0,33.0,12.0,0.273,127.0,106.0
count,After 2-0,143.0,,789.0,525.0,80,125.0,25.0,1.0,27.0,80.0,,,255.0,114.0,0.238,0.485,0.444,0.929,233.0,7.0,1.0,3.0,5.0,32.0,4.0,0.252,154.0,90.0
count,After 3-0,119.0,,277.0,94.0,22,23.0,3.0,0.0,6.0,22.0,,,181.0,18.0,0.245,0.74,0.468,1.208,44.0,1.0,1.0,0.0,1.0,32.0,1.0,0.239,239.0,100.0
count,After 0-1,143.0,,2622.0,2445.0,302,522.0,112.0,7.0,89.0,293.0,,,139.0,887.0,0.213,0.261,0.374,0.636,915.0,33.0,23.0,5.0,10.0,1.0,19.0,0.293,68.0,107.0
count,After 1-1,143.0,,2014.0,1764.0,253,404.0,79.0,7.0,85.0,244.0,,,207.0,587.0,0.229,0.316,0.426,0.742,752.0,19.0,23.0,7.0,13.0,2.0,18.0,0.289,97.0,116.0
count,After 2-1,142.0,,1096.0,864.0,127,199.0,36.0,3.0,45.0,123.0,,,215.0,245.0,0.23,0.386,0.435,0.821,376.0,6.0,7.0,4.0,6.0,2.0,4.0,0.266,121.0,105.0
count,After 3-1,132.0,,451.0,234.0,46,61.0,12.0,0.0,15.0,45.0,,,213.0,50.0,0.261,0.61,0.504,1.114,118.0,2.0,1.0,0.0,3.0,2.0,2.0,0.267,207.0,112.0
count,After 0-2,143.0,,1170.0,1121.0,98,170.0,35.0,3.0,26.0,97.0,,,38.0,572.0,0.152,0.185,0.258,0.443,289.0,16.0,9.0,0.0,2.0,0.0,1.0,0.274,17.0,98.0
count,After 1-2,143.0,,1572.0,1442.0,159,247.0,50.0,4.0,52.0,158.0,,,104.0,725.0,0.171,0.235,0.32,0.555,461.0,10.0,18.0,1.0,7.0,0.0,7.0,0.29,47.0,122.0
count,After 2-2,143.0,,1346.0,1157.0,128,219.0,42.0,5.0,45.0,126.0,,,172.0,520.0,0.189,0.299,0.351,0.65,406.0,5.0,12.0,0.0,5.0,0.0,4.0,0.291,74.0,119.0
count,Zero Balls,143.0,,1596.0,1544.0,237,413.0,81.0,7.0,69.0,227.0,24.0,6.0,0.0,285.0,0.267,0.277,0.463,0.74,715.0,35.0,24.0,15.0,12.0,0.0,10.0,0.286,93.0,105.0
count,Zero Strikes,143.0,,1224.0,1048.0,209,342.0,66.0,3.0,65.0,199.0,23.0,5.0,115.0,0.0,0.326,0.399,0.581,0.98,609.0,26.0,24.0,18.0,18.0,32.0,7.0,0.277,159.0,97.0
count,Three Balls,143.0,,1108.0,595.0,99,139.0,22.0,1.0,32.0,96.0,5.0,6.0,501.0,196.0,0.234,0.585,0.435,1.02,259.0,3.0,8.0,0.0,4.0,34.0,2.0,0.288,183.0,111.0
count,Two Strikes,143.0,,2882.0,2596.0,254,423.0,78.0,8.0,84.0,248.0,18.0,7.0,248.0,1275.0,0.163,0.242,0.296,0.538,769.0,28.0,25.0,1.0,12.0,0.0,12.0,0.271,44.0,109.0
count,Batter Ahead,143.0,,1796.0,1256.0,224,350.0,64.0,4.0,74.0,215.0,18.0,10.0,501.0,196.0,0.279,0.485,0.513,0.997,644.0,18.0,15.0,9.0,15.0,34.0,6.0,0.276,170.0,103.0
count,Even Count,143.0,,1847.0,1785.0,292,480.0,102.0,7.0,90.0,282.0,20.0,5.0,0.0,375.0,0.269,0.278,0.485,0.763,866.0,25.0,29.0,16.0,16.0,0.0,15.0,0.292,99.0,110.0
count,Pitcher Ahead,143.0,,1731.0,1705.0,183,319.0,66.0,7.0,51.0,175.0,17.0,3.0,0.0,704.0,0.187,0.194,0.324,0.518,552.0,28.0,16.0,3.0,7.0,0.0,13.0,0.28,35.0,101.0
outs,0 outs,143.0,,1828.0,1628.0,150,393.0,75.0,6.0,71.0,143.0,18.0,3.0,147.0,438.0,0.241,0.311,0.426,0.737,693.0,32.0,23.0,17.0,13.0,2.0,19.0,0.284,95.0,97.0
outs,1 out,143.0,,1767.0,1556.0,262,382.0,73.0,8.0,77.0,254.0,16.0,15.0,160.0,423.0,0.246,0.317,0.451,0.768,702.0,39.0,15.0,11.0,25.0,13.0,9.0,0.282,103.0,111.0
outs,2 outs,143.0,,1779.0,1562.0,287,374.0,84.0,4.0,67.0,275.0,21.0,0.0,194.0,414.0,0.239,0.332,0.427,0.759,667.0,0.0,22.0,0.0,0.0,19.0,6.0,0.284,102.0,115.0
bases,RISP,140.0,,1341.0,1102.0,465,286.0,57.0,6.0,45.0,439.0,17.0,3.0,172.0,274.0,0.26,0.357,0.445,0.802,490.0,25.0,16.0,13.0,38.0,34.0,6.0,0.294,114.0,112.0
bases,---,143.0,,3078.0,2801.0,123,653.0,139.0,10.0,123.0,123.0,0.0,0.0,249.0,784.0,0.233,0.302,0.422,0.724,1181.0,0.0,27.0,0.0,0.0,0.0,25.0,0.28,92.0,104.0
bases,Men On,143.0,,2296.0,1945.0,576,496.0,93.0,8.0,92.0,549.0,55.0,18.0,252.0,491.0,0.255,0.344,0.453,0.797,881.0,71.0,33.0,28.0,38.0,34.0,9.0,0.289,112.0,112.0
bases,1--,143.0,,955.0,843.0,111,210.0,36.0,2.0,47.0,110.0,38.0,15.0,80.0,217.0,0.249,0.327,0.464,0.79,391.0,46.0,17.0,15.0,0.0,0.0,3.0,0.282,109.0,111.0
bases,-2-,125.0,,421.0,361.0,88,93.0,18.0,3.0,16.0,83.0,1.0,1.0,52.0,75.0,0.258,0.356,0.457,0.813,165.0,0.0,3.0,5.0,0.0,12.0,4.0,0.285,117.0,119.0
bases,--3,80.0,,140.0,101.0,40,25.0,6.0,1.0,2.0,38.0,0.0,0.0,26.0,31.0,0.248,0.379,0.386,0.765,39.0,0.0,2.0,0.0,11.0,9.0,0.0,0.291,107.0,91.0
bases,12-,117.0,,367.0,320.0,87,76.0,19.0,1.0,8.0,86.0,2.0,2.0,35.0,86.0,0.238,0.322,0.378,0.7,121.0,13.0,5.0,7.0,0.0,0.0,0.0,0.301,88.0,97.0
bases,1-3,80.0,,141.0,109.0,73,36.0,8.0,1.0,5.0,65.0,14.0,0.0,21.0,25.0,0.33,0.414,0.56,0.974,61.0,5.0,1.0,1.0,9.0,5.0,1.0,0.352,158.0,149.0
bases,-23,63.0,,118.0,88.0,52,22.0,2.0,0.0,4.0,51.0,0.0,0.0,20.0,27.0,0.25,0.381,0.409,0.79,36.0,0.0,3.0,0.0,7.0,8.0,0.0,0.281,113.0,100.0
bases,123,68.0,,154.0,123.0,125,34.0,4.0,0.0,10.0,116.0,0.0,0.0,18.0,30.0,0.276,0.351,0.553,0.903,68.0,7.0,2.0,0.0,11.0,0.0,1.0,0.255,137.0,123.0
bases,"on 1st, <2 out",142.0,,957.0,813.0,224,212.0,36.0,3.0,42.0,214.0,33.0,17.0,88.0,210.0,0.261,0.335,0.467,0.803,380.0,71.0,13.0,23.0,20.0,3.0,2.0,0.293,112.0,108.0
bases,"on 3rd, <2 out",102.0,,276.0,196.0,168,62.0,12.0,1.0,9.0,159.0,6.0,0.0,36.0,65.0,0.316,0.375,0.526,0.9,103.0,12.0,5.0,1.0,38.0,11.0,0.0,0.331,138.0,108.0
bases,"on 3rd, 2 out",116.0,,277.0,225.0,122,55.0,8.0,1.0,12.0,111.0,8.0,0.0,49.0,48.0,0.244,0.386,0.449,0.835,101.0,0.0,3.0,0.0,0.0,11.0,2.0,0.261,124.0,128.0
bases,"0 out, ---",143.0,,1305.0,1198.0,55,288.0,57.0,6.0,55.0,55.0,0.0,0.0,92.0,331.0,0.24,0.303,0.436,0.738,522.0,0.0,15.0,0.0,0.0,0.0,17.0,0.287,95.0,102.0
bases,"0 out, 1--",127.0,,272.0,233.0,24,58.0,11.0,0.0,10.0,23.0,15.0,3.0,25.0,61.0,0.249,0.337,0.425,0.762,99.0,22.0,6.0,8.0,0.0,0.0,1.0,0.296,103.0,96.0
bases,"0 out, -2-",68.0,,96.0,81.0,13,20.0,3.0,0.0,3.0,12.0,0.0,0.0,10.0,13.0,0.247,0.33,0.395,0.725,32.0,0.0,0.0,5.0,0.0,2.0,1.0,0.262,94.0,91.0
bases,"0 out, --3",15.0,,15.0,8.0,8,4.0,0.0,0.0,0.0,8.0,0.0,0.0,3.0,4.0,0.5,0.467,0.5,0.967,4.0,0.0,0.0,0.0,4.0,0.0,0.0,0.5,161.0,124.0
bases,"0 out, 12-",59.0,,77.0,62.0,13,11.0,0.0,0.0,3.0,13.0,0.0,0.0,11.0,14.0,0.177,0.301,0.323,0.624,20.0,6.0,0.0,4.0,0.0,0.0,0.0,0.178,69.0,60.0
bases,"0 out, 1-3",25.0,,26.0,21.0,17,8.0,3.0,0.0,0.0,14.0,3.0,0.0,1.0,5.0,0.381,0.346,0.524,0.87,11.0,1.0,0.0,0.0,4.0,0.0,0.0,0.4,129.0,97.0
bases,"0 out, -23",12.0,,13.0,9.0,5,2.0,0.0,0.0,0.0,5.0,0.0,0.0,2.0,3.0,0.222,0.385,0.222,0.607,2.0,0.0,1.0,0.0,1.0,0.0,0.0,0.286,72.0,41.0
bases,"0 out, 123",18.0,,24.0,16.0,15,2.0,1.0,0.0,0.0,13.0,0.0,0.0,3.0,7.0,0.125,0.25,0.188,0.438,3.0,3.0,1.0,0.0,4.0,0.0,0.0,0.154,21.0,6.0
bases,"1 out, ---",143.0,,979.0,894.0,41,207.0,43.0,3.0,41.0,41.0,0.0,0.0,79.0,252.0,0.232,0.298,0.424,0.722,379.0,0.0,6.0,0.0,0.0,0.0,6.0,0.276,91.0,107.0
bases,"1 out, 1--",132.0,,330.0,295.0,45,79.0,9.0,2.0,20.0,45.0,10.0,12.0,23.0,70.0,0.268,0.331,0.515,0.847,152.0,24.0,5.0,7.0,0.0,0.0,1.0,0.288,122.0,123.0
bases,"1 out, -2-",87.0,,134.0,117.0,26,24.0,6.0,1.0,5.0,23.0,1.0,1.0,17.0,24.0,0.205,0.306,0.402,0.708,47.0,0.0,0.0,0.0,0.0,2.0,2.0,0.216,88.0,92.0
bases,"1 out, --3",39.0,,49.0,33.0,15,8.0,2.0,1.0,0.0,15.0,0.0,0.0,8.0,15.0,0.242,0.347,0.364,0.711,12.0,0.0,1.0,0.0,7.0,4.0,0.0,0.32,92.0,59.0
bases,"1 out, 12-",85.0,,126.0,108.0,27,26.0,7.0,1.0,2.0,26.0,2.0,2.0,14.0,31.0,0.241,0.333,0.38,0.713,41.0,7.0,1.0,3.0,0.0,0.0,0.0,0.32,92.0,106.0
bases,"1 out, 1-3",41.0,,45.0,32.0,26,11.0,2.0,0.0,2.0,25.0,3.0,0.0,7.0,10.0,0.344,0.409,0.594,1.003,19.0,4.0,0.0,1.0,5.0,3.0,0.0,0.36,165.0,141.0
bases,"1 out, -23",38.0,,47.0,31.0,25,10.0,1.0,0.0,2.0,24.0,0.0,0.0,8.0,9.0,0.323,0.426,0.548,0.974,17.0,0.0,2.0,0.0,6.0,4.0,0.0,0.308,159.0,138.0
bases,"1 out, 123",41.0,,57.0,46.0,57,17.0,3.0,0.0,5.0,55.0,0.0,0.0,4.0,12.0,0.37,0.368,0.761,1.129,35.0,4.0,0.0,0.0,7.0,0.0,0.0,0.333,190.0,158.0
bases,"2 out, ---",143.0,,794.0,709.0,27,158.0,39.0,1.0,27.0,27.0,0.0,0.0,78.0,201.0,0.223,0.305,0.395,0.7,280.0,0.0,6.0,0.0,0.0,0.0,2.0,0.272,86.0,103.0
bases,"2 out, 1--",135.0,,353.0,315.0,42,73.0,16.0,0.0,17.0,42.0,13.0,0.0,32.0,86.0,0.232,0.314,0.444,0.759,140.0,0.0,6.0,0.0,0.0,0.0,1.0,0.264,100.0,113.0
bases,"2 out, -2-",109.0,,191.0,163.0,49,49.0,9.0,2.0,8.0,48.0,0.0,0.0,25.0,38.0,0.301,0.403,0.528,0.931,86.0,0.0,3.0,0.0,0.0,8.0,1.0,0.35,148.0,152.0
bases,"2 out, --3",63.0,,76.0,60.0,17,13.0,4.0,0.0,2.0,15.0,0.0,0.0,15.0,12.0,0.217,0.382,0.383,0.765,23.0,0.0,1.0,0.0,0.0,5.0,0.0,0.239,108.0,107.0
bases,"2 out, 12-",96.0,,164.0,150.0,47,39.0,12.0,0.0,3.0,47.0,0.0,0.0,10.0,41.0,0.26,0.323,0.4,0.723,60.0,0.0,4.0,0.0,0.0,0.0,0.0,0.34,93.0,110.0
bases,"2 out, 1-3",58.0,,70.0,56.0,30,17.0,3.0,1.0,3.0,26.0,8.0,0.0,13.0,10.0,0.304,0.443,0.554,0.996,31.0,0.0,1.0,0.0,0.0,2.0,1.0,0.326,166.0,178.0
bases,"2 out, -23",48.0,,58.0,48.0,22,10.0,1.0,0.0,2.0,22.0,0.0,0.0,10.0,15.0,0.208,0.345,0.354,0.699,17.0,0.0,0.0,0.0,0.0,4.0,0.0,0.258,89.0,92.0
bases,"2 out, 123",52.0,,73.0,61.0,53,15.0,0.0,0.0,5.0,48.0,0.0,0.0,11.0,11.0,0.246,0.37,0.492,0.862,30.0,0.0,1.0,0.0,0.0,0.0,1.0,0.222,129.0,132.0
clutch,"2 outs, RISP",139.0,,632.0,538.0,218,143.0,29.0,3.0,23.0,206.0,8.0,0.0,84.0,127.0,0.266,0.375,0.459,0.834,247.0,0.0,10.0,0.0,0.0,19.0,3.0,0.309,123.0,131.0
clutch,Late & Close,84.0,,807.0,703.0,94,148.0,21.0,1.0,30.0,89.0,8.0,4.0,80.0,203.0,0.211,0.301,0.371,0.673,261.0,9.0,14.0,4.0,6.0,11.0,3.0,0.248,80.0,95.0
clutch,Tie Game,134.0,,1371.0,1209.0,160,283.0,52.0,7.0,57.0,156.0,20.0,7.0,134.0,323.0,0.234,0.316,0.43,0.747,520.0,12.0,15.0,6.0,7.0,17.0,8.0,0.27,98.0,105.0
clutch,Within 1 R,139.0,,2725.0,2416.0,333,573.0,111.0,11.0,109.0,322.0,36.0,12.0,252.0,643.0,0.237,0.315,0.428,0.743,1033.0,31.0,30.0,12.0,14.0,19.0,9.0,0.277,97.0,104.0
clutch,Within 2 R,141.0,,3711.0,3295.0,450,777.0,149.0,12.0,146.0,436.0,40.0,16.0,334.0,920.0,0.236,0.312,0.421,0.733,1388.0,42.0,41.0,18.0,22.0,27.0,18.0,0.28,95.0,102.0
clutch,Within 3 R,141.0,,4237.0,3749.0,526,900.0,175.0,16.0,165.0,510.0,52.0,17.0,391.0,1026.0,0.24,0.317,0.427,0.745,1602.0,46.0,46.0,22.0,28.0,29.0,24.0,0.284,97.0,105.0
clutch,Within 4 R,141.0,,4618.0,4083.0,573,985.0,198.0,17.0,177.0,554.0,53.0,18.0,430.0,1115.0,0.241,0.319,0.428,0.747,1748.0,55.0,52.0,22.0,30.0,32.0,25.0,0.286,98.0,105.0
clutch,Margin > 4 R,50.0,,756.0,663.0,126,164.0,34.0,1.0,38.0,118.0,2.0,0.0,71.0,160.0,0.247,0.324,0.474,0.798,314.0,16.0,8.0,6.0,8.0,2.0,9.0,0.266,111.0,118.0
clutch,Ahead,106.0,,2197.0,1924.0,315,467.0,104.0,6.0,91.0,304.0,21.0,4.0,212.0,510.0,0.243,0.322,0.445,0.767,856.0,29.0,24.0,17.0,20.0,17.0,10.0,0.28,103.0,104.0
clutch,Behind,100.0,,1806.0,1613.0,224,399.0,76.0,5.0,67.0,212.0,14.0,7.0,155.0,442.0,0.247,0.319,0.425,0.745,686.0,30.0,21.0,5.0,11.0,0.0,16.0,0.298,98.0,110.0
leverage,High Lvrge,130.0,,978.0,837.0,246,200.0,39.0,1.0,38.0,235.0,22.0,6.0,102.0,235.0,0.239,0.327,0.424,0.752,355.0,29.0,15.0,10.0,14.0,17.0,4.0,0.28,100.0,104.0
leverage,Medium Lvrge,143.0,,2067.0,1840.0,238,458.0,85.0,11.0,87.0,232.0,25.0,11.0,180.0,478.0,0.249,0.322,0.449,0.771,826.0,18.0,23.0,12.0,12.0,11.0,13.0,0.288,104.0,110.0
leverage,Low Lvrge,143.0,,2329.0,2069.0,215,491.0,108.0,6.0,90.0,205.0,8.0,1.0,219.0,562.0,0.237,0.315,0.426,0.741,881.0,24.0,22.0,6.0,12.0,6.0,17.0,0.281,97.0,106.0
inning,1st inning,143.0,,638.0,566.0,97,151.0,31.0,4.0,29.0,93.0,15.0,4.0,58.0,136.0,0.267,0.345,0.489,0.834,277.0,4.0,11.0,0.0,3.0,1.0,2.0,0.302,121.0,117.0
inning,2nd inning,143.0,,584.0,534.0,47,114.0,19.0,1.0,18.0,47.0,4.0,3.0,41.0,186.0,0.213,0.272,0.354,0.626,189.0,4.0,3.0,4.0,2.0,2.0,3.0,0.289,67.0,78.0
inning,3rd inning,143.0,,611.0,542.0,79,132.0,32.0,2.0,23.0,78.0,6.0,4.0,56.0,139.0,0.244,0.317,0.437,0.754,237.0,5.0,4.0,5.0,4.0,3.0,3.0,0.284,100.0,105.0
inning,4th inning,143.0,,627.0,561.0,87,154.0,43.0,3.0,20.0,86.0,7.0,0.0,49.0,143.0,0.275,0.335,0.469,0.804,263.0,12.0,6.0,3.0,8.0,4.0,1.0,0.33,113.0,115.0
inning,5th inning,143.0,,626.0,561.0,91,148.0,27.0,1.0,35.0,87.0,3.0,3.0,55.0,149.0,0.264,0.331,0.503,0.834,282.0,6.0,3.0,3.0,3.0,1.0,5.0,0.297,119.0,124.0
inning,6th inning,143.0,,622.0,543.0,90,131.0,21.0,2.0,33.0,86.0,4.0,0.0,61.0,143.0,0.241,0.325,0.47,0.794,255.0,11.0,8.0,6.0,4.0,8.0,5.0,0.264,110.0,116.0
inning,7th inning,142.0,,597.0,524.0,74,115.0,27.0,2.0,25.0,73.0,6.0,1.0,55.0,125.0,0.219,0.302,0.422,0.724,221.0,12.0,9.0,4.0,5.0,2.0,5.0,0.237,92.0,104.0
inning,8th inning,132.0,,594.0,513.0,87,127.0,23.0,3.0,18.0,81.0,7.0,3.0,68.0,138.0,0.248,0.341,0.409,0.75,210.0,8.0,7.0,1.0,5.0,3.0,7.0,0.301,101.0,112.0
inning,9th inning,103.0,,419.0,362.0,35,70.0,8.0,0.0,13.0,32.0,3.0,0.0,45.0,107.0,0.193,0.294,0.323,0.617,117.0,9.0,8.0,0.0,4.0,3.0,3.0,0.232,66.0,80.0
inning,Ext inning,11.0,,56.0,40.0,12,7.0,1.0,0.0,1.0,9.0,0.0,0.0,13.0,9.0,0.175,0.389,0.275,0.664,11.0,0.0,1.0,2.0,0.0,7.0,0.0,0.2,85.0,72.0
inning,Innings 1-3,143.0,,1833.0,1642.0,223,397.0,82.0,7.0,70.0,218.0,25.0,11.0,155.0,461.0,0.242,0.313,0.428,0.741,703.0,13.0,18.0,9.0,9.0,6.0,8.0,0.292,96.0,102.0
inning,Innings 4-6,143.0,,1875.0,1665.0,268,433.0,91.0,6.0,88.0,259.0,14.0,3.0,165.0,435.0,0.26,0.33,0.48,0.811,800.0,29.0,17.0,12.0,15.0,13.0,11.0,0.298,114.0,118.0
inning,Innings 7-9,142.0,,1610.0,1399.0,196,312.0,58.0,5.0,56.0,186.0,16.0,4.0,168.0,370.0,0.223,0.314,0.392,0.706,548.0,29.0,24.0,5.0,14.0,8.0,15.0,0.259,88.0,101.0
timesfacingopp,vs. SP,143.0,,3033.0,2725.0,381,691.0,150.0,12.0,132.0,374.0,38.0,12.0,247.0,712.0,0.254,0.321,0.463,0.783,1261.0,36.0,29.0,15.0,16.0,12.0,16.0,0.295,107.0,113.0
timesfacingopp,vs. RP,140.0,,2341.0,2021.0,318,458.0,82.0,6.0,83.0,298.0,17.0,6.0,254.0,563.0,0.227,0.319,0.396,0.715,801.0,35.0,31.0,13.0,22.0,22.0,18.0,0.268,91.0,100.0
timesfacingopp,"vs. SP, 1st",143.0,,1287.0,1158.0,124,264.0,54.0,5.0,43.0,121.0,2.0,2.0,102.0,355.0,0.228,0.298,0.395,0.693,457.0,10.0,15.0,8.0,4.0,2.0,6.0,0.289,84.0,97.0
timesfacingopp,"vs. SP, 2nd",135.0,,1152.0,1040.0,149,273.0,71.0,5.0,47.0,147.0,2.0,1.0,93.0,252.0,0.263,0.326,0.476,0.802,495.0,16.0,8.0,5.0,6.0,7.0,6.0,0.303,112.0,114.0
timesfacingopp,"vs. SP, 3rd",115.0,,582.0,516.0,105,152.0,25.0,2.0,41.0,104.0,1.0,0.0,51.0,100.0,0.295,0.361,0.589,0.95,304.0,10.0,6.0,2.0,6.0,3.0,4.0,0.291,149.0,141.0
timesfacingopp,"vs. SP, 4th+",5.0,,11.0,11.0,2,2.0,0.0,0.0,1.0,2.0,1.0,0.0,0.0,5.0,0.182,0.182,0.455,0.636,5.0,0.0,0.0,0.0,0.0,0.0,0.0,0.2,62.0,71.0
timesfacingopp,"vs. RP, 1st",140.0,,2260.0,1951.0,295,435.0,75.0,5.0,80.0,283.0,1.0,1.0,247.0,548.0,0.223,0.317,0.39,0.706,760.0,35.0,30.0,11.0,21.0,21.0,18.0,0.264,89.0,98.0
timesfacingopp,"vs. RP, 2nd",21.0,,70.0,62.0,14,22.0,7.0,1.0,2.0,14.0,0.0,0.0,4.0,13.0,0.355,0.397,0.597,0.994,37.0,0.0,1.0,2.0,1.0,1.0,0.0,0.417,162.0,152.0
timesfacingopp,"vs. RP, 3rd+",3.0,,9.0,6.0,1,1.0,0.0,0.0,1.0,1.0,0.0,0.0,3.0,0.0,0.167,0.444,0.667,1.111,4.0,0.0,0.0,0.0,0.0,0.0,0.0,0.0,192.0,189.0
power,vs. Power,105.0,,1324.0,1157.0,150,232.0,45.0,3.0,40.0,142.0,17.0,3.0,136.0,388.0,0.201,0.29,0.348,0.638,403.0,16.0,14.0,5.0,12.0,3.0,9.0,0.259,71.0,93.0
power,vs. avg.P/F,100.0,,1445.0,1284.0,184,324.0,57.0,7.0,59.0,178.0,13.0,8.0,127.0,344.0,0.252,0.327,0.445,0.773,572.0,17.0,19.0,9.0,6.0,9.0,7.0,0.299,105.0,112.0
power,vs. Finesse,121.0,,2605.0,2305.0,365,593.0,130.0,8.0,116.0,352.0,25.0,7.0,238.0,543.0,0.257,0.331,0.472,0.803,1087.0,38.0,27.0,14.0,20.0,22.0,18.0,0.286,112.0,111.0
gbfbpitch,vs. Fly Ball,122.0,,2130.0,1858.0,295,436.0,88.0,7.0,95.0,285.0,12.0,5.0,215.0,506.0,0.235,0.32,0.443,0.763,823.0,22.0,26.0,14.0,17.0,18.0,10.0,0.268,102.0,106.0
gbfbpitch,vs. avg.F/G,116.0,,1988.0,1756.0,242,432.0,81.0,8.0,76.0,233.0,23.0,6.0,185.0,459.0,0.246,0.323,0.431,0.754,757.0,31.0,21.0,11.0,15.0,8.0,16.0,0.288,100.0,109.0
gbfbpitch,vs. GrndBall,99.0,,1256.0,1132.0,162,281.0,63.0,3.0,44.0,154.0,20.0,7.0,101.0,310.0,0.248,0.315,0.426,0.741,482.0,18.0,13.0,3.0,6.0,8.0,8.0,0.302,97.0,107.0
hitloc,To Infield,143.0,,1601.0,1571.0,39,130.0,1.0,0.0,0.0,33.0,0.0,0.0,0.0,0.0,0.083,0.083,0.083,0.166,131.0,71.0,0.0,28.0,2.0,0.0,30.0,0.083,-55.0,99.0
hitloc,To Outfield,143.0,,1935.0,1899.0,628,1019.0,231.0,18.0,215.0,619.0,0.0,0.0,0.0,0.0,0.537,0.527,1.017,1.543,1931.0,0.0,0.0,0.0,36.0,0.0,4.0,0.467,299.0,104.0
hitloc,Ball In Play,143.0,,3322.0,3256.0,323,934.0,232.0,18.0,0.0,308.0,0.0,0.0,0.0,0.0,0.287,0.284,0.369,0.653,1202.0,71.0,0.0,28.0,38.0,0.0,34.0,0.284,74.0,96.0
hitloc,Not in Play,143.0,,2052.0,1490.0,376,215.0,0.0,0.0,215.0,364.0,55.0,18.0,501.0,1275.0,0.144,0.378,0.577,0.956,860.0,0.0,60.0,0.0,0.0,34.0,0.0,,151.0,122.0
hitloc,Fair Terr,143.0,,3449.0,3383.0,667,1149.0,232.0,18.0,215.0,652.0,0.0,0.0,0.0,0.0,0.34,0.336,0.61,0.945,2062.0,71.0,0.0,28.0,38.0,0.0,34.0,0.291,146.0,107.0
hitloc,Foul Terr,63.0,,87.0,87.0,0,0.0,0.0,0.0,0.0,0.0,0.0,0.0,0.0,0.0,0.0,0.0,0.0,0.0,0.0,0.0,0.0,0.0,0.0,0.0,0.0,0.0,-100.0,
hitloc,Pulled-RHB,142.0,,651.0,647.0,147,269.0,75.0,2.0,53.0,144.0,0.0,0.0,0.0,0.0,0.416,0.414,0.784,1.197,507.0,17.0,0.0,1.0,3.0,0.0,11.0,0.362,210.0,105.0
hitloc,Up Mdle-RHB,143.0,,1209.0,1184.0,243,366.0,54.0,4.0,80.0,239.0,0.0,0.0,0.0,0.0,0.309,0.306,0.564,0.87,668.0,35.0,0.0,13.0,12.0,0.0,12.0,0.256,126.0,118.0
hitloc,Opp Fld-RHB,130.0,,358.0,347.0,48,102.0,31.0,1.0,11.0,48.0,0.0,0.0,0.0,0.0,0.294,0.286,0.484,0.77,168.0,0.0,0.0,1.0,10.0,0.0,1.0,0.263,101.0,91.0
hitloc,Pulled-LHB,124.0,,379.0,378.0,77,114.0,19.0,5.0,32.0,75.0,0.0,0.0,0.0,0.0,0.302,0.301,0.632,0.933,239.0,4.0,0.0,0.0,1.0,0.0,6.0,0.236,140.0,83.0
hitloc,Up Mdle-LHB,141.0,,720.0,699.0,128,231.0,33.0,5.0,35.0,124.0,0.0,0.0,0.0,0.0,0.33,0.326,0.542,0.868,379.0,14.0,0.0,11.0,10.0,0.0,1.0,0.291,127.0,114.0
hitloc,Opp Fld-LHB,114.0,,207.0,203.0,24,67.0,20.0,1.0,4.0,22.0,0.0,0.0,0.0,0.0,0.33,0.327,0.498,0.824,101.0,1.0,0.0,2.0,2.0,0.0,3.0,0.313,117.0,103.0
hitloc,Unknown Loc,10.0,,13.0,13.0,0,0.0,0.0,0.0,0.0,0.0,0.0,0.0,0.0,0.0,0.0,0.0,0.0,0.0,0.0,0.0,0.0,0.0,0.0,0.0,0.0,0.0,-100.0,-100.0
traj,Ground Balls,143.0,,1432.0,1432.0,85,319.0,26.0,4.0,0.0,78.0,0.0,0.0,0.0,0.0,0.223,0.223,0.247,0.469,353.0,71.0,0.0,0.0,0.0,0.0,27.0,0.223,27.0,88.0
traj,Fly Balls,143.0,,1221.0,1186.0,388,289.0,41.0,4.0,197.0,383.0,0.0,0.0,0.0,0.0,0.244,0.237,0.783,1.02,929.0,0.0,0.0,0.0,35.0,0.0,6.0,0.09,155.0,120.0
traj,Line Drives,143.0,,840.0,837.0,193,535.0,165.0,10.0,18.0,190.0,0.0,0.0,0.0,0.0,0.639,0.637,0.925,1.562,774.0,0.0,0.0,0.0,3.0,0.0,1.0,0.629,312.0,103.0
traj,Bunts,39.0,,44.0,16.0,1,6.0,0.0,0.0,0.0,1.0,0.0,0.0,0.0,0.0,0.375,0.375,0.375,0.75,6.0,0.0,0.0,28.0,0.0,0.0,0.0,0.375,104.0,96.0
opp,Inter-League,254.0,20.0,772.0,689.0,85,166.0,38.0,2.0,24.0,84.0,4.0,1.0,63.0,184.0,0.241,0.309,0.406,0.716,280.0,11.0,9.0,3.0,8.0,4.0,6.0,0.29,90.0,98.0
opp,Arizona Diamondbacks,39.0,3.0,80.0,73.0,5,8.0,3.0,1.0,2.0,5.0,0.0,0.0,6.0,23.0,0.11,0.188,0.26,0.448,19.0,2.0,1.0,0.0,0.0,1.0,1.0,0.125,19.0,11.0
opp,Baltimore Orioles,27.0,3.0,112.0,102.0,11,23.0,5.0,0.0,5.0,11.0,0.0,0.0,8.0,22.0,0.225,0.286,0.422,0.707,43.0,2.0,1.0,0.0,1.0,0.0,1.0,0.237,87.0,72.0
opp,Boston Red Sox,55.0,4.0,166.0,144.0,24,38.0,14.0,2.0,4.0,23.0,2.0,0.0,15.0,39.0,0.264,0.339,0.472,0.812,68.0,1.0,3.0,1.0,3.0,1.0,2.0,0.327,115.0,114.0
opp,Chicago Cubs,105.0,7.0,294.0,246.0,48,75.0,15.0,1.0,14.0,47.0,2.0,1.0,37.0,54.0,0.305,0.405,0.545,0.949,134.0,5.0,7.0,0.0,4.0,1.0,2.0,0.335,152.0,147.0
opp,Cincinnati Reds,108.0,7.0,271.0,239.0,25,51.0,12.0,0.0,10.0,24.0,5.0,1.0,29.0,74.0,0.213,0.303,0.389,0.692,93.0,1.0,2.0,0.0,1.0,2.0,1.0,0.263,84.0,87.0
opp,Colorado Rockies,74.0,5.0,184.0,165.0,28,38.0,10.0,2.0,10.0,28.0,0.0,2.0,13.0,28.0,0.23,0.284,0.497,0.781,82.0,2.0,1.0,1.0,4.0,0.0,2.0,0.214,103.0,100.0
opp,Miami Marlins,293.0,19.0,757.0,648.0,99,157.0,39.0,3.0,21.0,95.0,7.0,2.0,87.0,173.0,0.242,0.342,0.409,0.751,265.0,9.0,14.0,2.0,6.0,7.0,7.0,0.296,101.0,113.0
opp,Los Angeles Dodgers,90.0,6.0,214.0,194.0,23,44.0,7.0,0.0,8.0,21.0,3.0,1.0,16.0,63.0,0.227,0.284,0.387,0.671,75.0,1.0,0.0,3.0,1.0,0.0,1.0,0.29,78.0,115.0
opp,Milwaukee Brewers,88.0,6.0,241.0,212.0,34,57.0,7.0,1.0,8.0,34.0,2.0,0.0,20.0,64.0,0.269,0.343,0.425,0.768,90.0,2.0,5.0,2.0,2.0,0.0,1.0,0.345,105.0,138.0
opp,New York Mets,225.0,16.0,567.0,509.0,68,118.0,22.0,1.0,22.0,66.0,5.0,3.0,54.0,160.0,0.232,0.31,0.409,0.719,208.0,6.0,4.0,0.0,0.0,5.0,1.0,0.294,91.0,105.0
opp,New York Yankees,50.0,4.0,150.0,126.0,10,25.0,4.0,0.0,2.0,10.0,0.0,0.0,20.0,35.0,0.198,0.315,0.278,0.593,35.0,3.0,2.0,1.0,1.0,1.0,0.0,0.256,63.0,78.0
opp,Philadelphia Phillies,239.0,16.0,606.0,547.0,75,128.0,26.0,3.0,26.0,70.0,3.0,3.0,50.0,148.0,0.234,0.3,0.435,0.735,238.0,9.0,2.0,6.0,1.0,5.0,6.0,0.273,94.0,98.0
opp,Pittsburgh Pirates,98.0,7.0,280.0,244.0,53,74.0,17.0,0.0,18.0,51.0,4.0,0.0,26.0,65.0,0.303,0.379,0.594,0.973,145.0,7.0,5.0,3.0,2.0,0.0,0.0,0.344,155.0,145.0
opp,San Diego Padres,27.0,2.0,59.0,54.0,4,10.0,2.0,0.0,1.0,3.0,0.0,0.0,2.0,8.0,0.185,0.224,0.278,0.502,15.0,0.0,1.0,1.0,1.0,0.0,1.0,0.196,34.0,42.0
opp,San Francisco Giants,42.0,3.0,108.0,101.0,15,28.0,3.0,1.0,5.0,14.0,3.0,0.0,5.0,20.0,0.277,0.315,0.475,0.79,48.0,2.0,1.0,0.0,1.0,0.0,0.0,0.299,108.0,141.0
opp,St. Louis Cardinals,97.0,7.0,246.0,207.0,36,53.0,9.0,2.0,10.0,34.0,5.0,2.0,30.0,45.0,0.256,0.359,0.464,0.823,96.0,8.0,5.0,1.0,3.0,1.0,0.0,0.277,119.0,136.0
opp,Tampa Bay Rays,45.0,3.0,123.0,112.0,20,33.0,9.0,0.0,5.0,20.0,1.0,0.0,9.0,22.0,0.295,0.341,0.509,0.85,57.0,1.0,0.0,0.0,2.0,1.0,1.0,0.322,124.0,144.0
opp,Toronto Blue Jays,77.0,6.0,221.0,205.0,20,47.0,6.0,0.0,8.0,20.0,1.0,1.0,11.0,66.0,0.229,0.277,0.376,0.653,77.0,4.0,3.0,1.0,1.0,1.0,2.0,0.295,73.0,84.0
opp,Washington Nationals,292.0,19.0,695.0,618.0,101,142.0,22.0,1.0,36.0,96.0,12.0,2.0,63.0,166.0,0.23,0.302,0.443,0.746,274.0,6.0,3.0,6.0,4.0,8.0,5.0,0.252,96.0,94.0
opp,WP < .500,1153.0,79.0,2969.0,2605.0,413,635.0,133.0,9.0,128.0,399.0,30.0,10.0,294.0,691.0,0.244,0.326,0.449,0.776,1170.0,39.0,36.0,12.0,21.0,22.0,19.0,0.281,105.0,104.0
opp,WP >= .500,918.0,64.0,2405.0,2141.0,286,514.0,99.0,9.0,87.0,273.0,25.0,8.0,207.0,584.0,0.24,0.312,0.417,0.728,892.0,32.0,24.0,16.0,17.0,12.0,15.0,0.287,94.0,108.0
conditions,Night,1499.0,104.0,3955.0,3481.0,526,861.0,176.0,16.0,165.0,509.0,37.0,12.0,377.0,922.0,0.247,0.327,0.449,0.776,1564.0,50.0,46.0,22.0,28.0,25.0,22.0,0.287,106.0,113.0
conditions,Day,572.0,39.0,1419.0,1265.0,173,288.0,56.0,2.0,50.0,163.0,18.0,6.0,124.0,353.0,0.228,0.301,0.394,0.695,498.0,21.0,14.0,6.0,10.0,9.0,12.0,0.273,85.0,92.0
conditions,Open,1894.0,131.0,4881.0,4326.0,629,1044.0,206.0,15.0,199.0,602.0,50.0,18.0,441.0,1155.0,0.241,0.317,0.434,0.751,1877.0,67.0,54.0,25.0,34.0,32.0,33.0,0.281,99.0,104.0
conditions,Retract,177.0,12.0,493.0,420.0,70,105.0,26.0,3.0,16.0,70.0,5.0,0.0,60.0,120.0,0.25,0.349,0.44,0.789,185.0,4.0,6.0,3.0,4.0,2.0,1.0,0.309,110.0,125.0
conditions,Grass,1937.0,134.0,5007.0,4432.0,649,1071.0,209.0,16.0,204.0,622.0,51.0,18.0,455.0,1189.0,0.242,0.318,0.434,0.752,1924.0,68.0,56.0,27.0,36.0,32.0,33.0,0.282,99.0,105.0
conditions,Artif. Turf,134.0,9.0,367.0,314.0,50,78.0,23.0,2.0,11.0,50.0,4.0,0.0,46.0,86.0,0.248,0.35,0.439,0.789,138.0,3.0,4.0,1.0,2.0,2.0,1.0,0.306,111.0,125.0
parks,MIL-Am Fam Field,43.0,3.0,126.0,106.0,20,27.0,3.0,1.0,5.0,20.0,1.0,0.0,14.0,34.0,0.255,0.347,0.443,0.79,47.0,1.0,2.0,2.0,2.0,0.0,0.0,0.319,111.0,130.0
parks,STL-Busch Stad 3,47.0,3.0,120.0,102.0,21,27.0,3.0,1.0,6.0,20.0,1.0,0.0,14.0,15.0,0.265,0.367,0.49,0.857,50.0,5.0,3.0,0.0,1.0,1.0,0.0,0.256,128.0,153.0
parks,BAL-Camden Yards,27.0,3.0,112.0,102.0,11,23.0,5.0,0.0,5.0,11.0,0.0,0.0,8.0,22.0,0.225,0.286,0.422,0.707,43.0,2.0,1.0,0.0,1.0,0.0,1.0,0.237,87.0,73.0
parks,NYM-Citi Field,138.0,10.0,340.0,305.0,32,65.0,11.0,0.0,12.0,31.0,3.0,1.0,34.0,95.0,0.213,0.294,0.367,0.661,112.0,4.0,1.0,0.0,0.0,2.0,1.0,0.268,76.0,93.0
parks,PHI-CitizensBank,149.0,10.0,375.0,342.0,40,74.0,13.0,1.0,14.0,36.0,2.0,2.0,30.0,100.0,0.216,0.282,0.383,0.665,131.0,5.0,1.0,2.0,0.0,1.0,4.0,0.263,76.0,84.0
parks,COL-Coors Fld,59.0,4.0,146.0,130.0,24,30.0,7.0,1.0,9.0,24.0,0.0,1.0,10.0,17.0,0.231,0.283,0.508,0.79,66.0,2.0,1.0,1.0,4.0,0.0,1.0,0.194,106.0,96.0
parks,LAD-Dodger Stad,43.0,3.0,102.0,99.0,8,19.0,1.0,0.0,6.0,8.0,0.0,0.0,2.0,30.0,0.192,0.208,0.384,0.592,38.0,0.0,0.0,1.0,0.0,0.0,0.0,0.206,54.0,66.0
parks,BOS-Fenway Pk,20.0,2.0,78.0,69.0,8,17.0,6.0,1.0,2.0,8.0,1.0,0.0,7.0,16.0,0.246,0.321,0.449,0.77,31.0,1.0,1.0,0.0,1.0,1.0,0.0,0.288,104.0,92.0
parks,CIN-GreatAmer BP,60.0,4.0,152.0,138.0,11,32.0,9.0,0.0,6.0,11.0,3.0,1.0,12.0,41.0,0.232,0.303,0.428,0.73,59.0,0.0,2.0,0.0,0.0,1.0,0.0,0.286,93.0,83.0
parks,MIA-loanDepot pk,134.0,9.0,367.0,314.0,50,78.0,23.0,2.0,11.0,50.0,4.0,0.0,46.0,86.0,0.248,0.35,0.439,0.789,138.0,3.0,4.0,1.0,2.0,2.0,1.0,0.306,111.0,136.0
parks,WSN-Natls Park,130.0,9.0,321.0,290.0,50,66.0,7.0,1.0,20.0,46.0,7.0,1.0,26.0,69.0,0.228,0.293,0.466,0.759,135.0,5.0,1.0,4.0,0.0,5.0,3.0,0.229,99.0,98.0
parks,PIT-PNC Pk,44.0,3.0,122.0,104.0,16,29.0,7.0,0.0,3.0,14.0,2.0,0.0,14.0,26.0,0.279,0.38,0.433,0.813,45.0,5.0,3.0,1.0,0.0,0.0,0.0,0.347,119.0,124.0
parks,TOR-TD Ballpark,30.0,3.0,117.0,107.0,12,29.0,4.0,0.0,3.0,12.0,0.0,0.0,6.0,30.0,0.271,0.319,0.393,0.711,42.0,4.0,2.0,1.0,1.0,1.0,2.0,0.347,90.0,78.0
parks,ATL-Truist Pk,1077.0,72.0,2689.0,2375.0,369,592.0,127.0,9.0,107.0,355.0,31.0,11.0,245.0,657.0,0.249,0.325,0.445,0.771,1058.0,29.0,33.0,14.0,21.0,18.0,20.0,0.297,104.0,110.0
parks,CHC-Wrigley Fld,50.0,3.0,131.0,102.0,22,30.0,4.0,1.0,5.0,21.0,0.0,1.0,21.0,20.0,0.294,0.42,0.5,0.92,51.0,3.0,4.0,0.0,4.0,1.0,1.0,0.309,147.0,148.0
parks,NYY-Yankee Stad3,20.0,2.0,76.0,61.0,5,11.0,2.0,0.0,1.0,5.0,0.0,0.0,12.0,17.0,0.18,0.32,0.262,0.582,16.0,2.0,1.0,1.0,1.0,1.0,0.0,0.227,60.0,71.0
platparks,as RHB@ATL-Truist Pk,72.0,,1775.0,1580.0,237,383.0,87.0,3.0,73.0,230.0,16.0,4.0,150.0,467.0,0.242,0.315,0.44,0.755,695.0,22.0,24.0,7.0,13.0,11.0,14.0,0.294,100.0,108.0
platparks,as LHB@ATL-Truist Pk,72.0,,914.0,795.0,132,209.0,40.0,6.0,34.0,125.0,15.0,7.0,95.0,190.0,0.263,0.345,0.457,0.802,363.0,7.0,9.0,7.0,8.0,7.0,6.0,0.302,113.0,114.0
platparks,as RHB@BAL-Camden Yards,3.0,,77.0,68.0,10,16.0,2.0,0.0,4.0,10.0,0.0,0.0,8.0,14.0,0.235,0.312,0.441,0.753,30.0,1.0,0.0,0.0,1.0,0.0,1.0,0.235,99.0,85.0
platparks,as LHB@BAL-Camden Yards,3.0,,35.0,34.0,1,7.0,3.0,0.0,1.0,1.0,0.0,0.0,0.0,8.0,0.206,0.229,0.382,0.611,13.0,1.0,1.0,0.0,0.0,0.0,0.0,0.24,60.0,47.0
platparks,as RHB@BOS-Fenway Pk,2.0,,45.0,39.0,6,10.0,4.0,0.0,2.0,6.0,1.0,0.0,4.0,12.0,0.256,0.333,0.513,0.846,20.0,0.0,1.0,0.0,1.0,0.0,0.0,0.308,122.0,106.0
platparks,as LHB@BOS-Fenway Pk,2.0,,33.0,30.0,2,7.0,2.0,1.0,0.0,2.0,0.0,0.0,3.0,4.0,0.233,0.303,0.367,0.67,11.0,1.0,0.0,0.0,0.0,1.0,0.0,0.269,79.0,75.0
platparks,as RHB@CHC-Wrigley Fld,3.0,,89.0,70.0,18,20.0,2.0,0.0,3.0,17.0,0.0,1.0,13.0,15.0,0.286,0.416,0.443,0.859,31.0,3.0,4.0,0.0,2.0,1.0,1.0,0.315,132.0,138.0
platparks,as LHB@CHC-Wrigley Fld,3.0,,42.0,32.0,4,10.0,2.0,1.0,2.0,4.0,0.0,0.0,8.0,5.0,0.313,0.429,0.625,1.054,20.0,0.0,0.0,0.0,2.0,0.0,0.0,0.296,178.0,173.0
platparks,as RHB@CIN-GreatAmer BP,4.0,,87.0,80.0,6,18.0,6.0,0.0,4.0,6.0,1.0,1.0,6.0,25.0,0.225,0.287,0.45,0.737,36.0,0.0,1.0,0.0,0.0,1.0,0.0,0.275,93.0,84.0
platparks,as LHB@CIN-GreatAmer BP,4.0,,65.0,58.0,5,14.0,3.0,0.0,2.0,5.0,2.0,0.0,6.0,16.0,0.241,0.323,0.397,0.72,23.0,0.0,1.0,0.0,0.0,0.0,0.0,0.3,92.0,81.0
platparks,as RHB@COL-Coors Fld,4.0,,83.0,74.0,19,19.0,4.0,1.0,6.0,19.0,0.0,0.0,5.0,11.0,0.257,0.293,0.581,0.874,43.0,1.0,0.0,1.0,3.0,0.0,0.0,0.217,125.0,108.0
platparks,as LHB@COL-Coors Fld,4.0,,63.0,56.0,5,11.0,3.0,0.0,3.0,5.0,0.0,1.0,5.0,6.0,0.196,0.27,0.411,0.681,23.0,1.0,1.0,0.0,1.0,0.0,1.0,0.167,79.0,78.0
platparks,as RHB@LAD-Dodger Stad,3.0,,64.0,62.0,4,12.0,1.0,0.0,3.0,4.0,0.0,0.0,1.0,21.0,0.194,0.206,0.355,0.561,22.0,0.0,0.0,1.0,0.0,0.0,0.0,0.237,46.0,52.0
platparks,as LHB@LAD-Dodger Stad,3.0,,38.0,37.0,4,7.0,0.0,0.0,3.0,4.0,0.0,0.0,1.0,9.0,0.189,0.211,0.432,0.643,16.0,0.0,0.0,0.0,0.0,0.0,0.0,0.16,66.0,90.0
platparks,as RHB@MIA-loanDepot pk,9.0,,243.0,206.0,32,49.0,17.0,1.0,5.0,32.0,2.0,0.0,30.0,65.0,0.238,0.343,0.403,0.746,83.0,0.0,4.0,1.0,2.0,0.0,1.0,0.319,100.0,122.0
platparks,as LHB@MIA-loanDepot pk,9.0,,124.0,108.0,18,29.0,6.0,1.0,6.0,18.0,2.0,0.0,16.0,21.0,0.269,0.363,0.509,0.872,55.0,3.0,0.0,0.0,0.0,2.0,0.0,0.284,131.0,163.0
platparks,as RHB@MIL-Am Fam Field,3.0,,84.0,68.0,11,21.0,3.0,1.0,3.0,11.0,1.0,0.0,11.0,26.0,0.309,0.41,0.515,0.924,35.0,1.0,2.0,1.0,2.0,0.0,0.0,0.439,147.0,166.0
platparks,as LHB@MIL-Am Fam Field,3.0,,42.0,38.0,9,6.0,0.0,0.0,2.0,9.0,0.0,0.0,3.0,8.0,0.158,0.22,0.316,0.535,12.0,0.0,0.0,1.0,0.0,0.0,0.0,0.143,42.0,58.0
platparks,as LHB@NYM-Citi Field,10.0,,168.0,144.0,14,31.0,3.0,0.0,5.0,13.0,2.0,1.0,23.0,43.0,0.215,0.327,0.34,0.668,49.0,1.0,1.0,0.0,0.0,2.0,1.0,0.271,81.0,91.0
platparks,as RHB@NYM-Citi Field,10.0,,172.0,161.0,18,34.0,8.0,0.0,7.0,18.0,1.0,0.0,11.0,52.0,0.211,0.262,0.391,0.653,63.0,3.0,0.0,0.0,0.0,0.0,0.0,0.265,72.0,94.0
platparks,as LHB@NYY-Yankee Stad3,2.0,,31.0,25.0,2,5.0,1.0,0.0,0.0,2.0,0.0,0.0,4.0,8.0,0.2,0.3,0.24,0.54,6.0,0.0,0.0,1.0,1.0,1.0,0.0,0.278,49.0,69.0
platparks,as RHB@NYY-Yankee Stad3,2.0,,45.0,36.0,3,6.0,1.0,0.0,1.0,3.0,0.0,0.0,8.0,9.0,0.167,0.333,0.278,0.611,10.0,2.0,1.0,0.0,0.0,0.0,0.0,0.192,68.0,74.0
platparks,as RHB@PHI-CitizensBank,10.0,,218.0,199.0,21,43.0,12.0,0.0,8.0,19.0,2.0,1.0,17.0,64.0,0.216,0.281,0.397,0.678,79.0,4.0,1.0,1.0,0.0,1.0,3.0,0.276,79.0,87.0
platparks,as LHB@PHI-CitizensBank,10.0,,157.0,143.0,19,31.0,1.0,1.0,6.0,17.0,0.0,1.0,13.0,36.0,0.217,0.282,0.364,0.646,52.0,1.0,0.0,1.0,0.0,0.0,1.0,0.248,72.0,79.0
platparks,as RHB@PIT-PNC Pk,3.0,,85.0,69.0,8,18.0,2.0,0.0,2.0,8.0,2.0,0.0,13.0,20.0,0.261,0.393,0.377,0.77,26.0,5.0,2.0,1.0,0.0,0.0,0.0,0.34,110.0,118.0
platparks,as LHB@PIT-PNC Pk,3.0,,37.0,35.0,8,11.0,5.0,0.0,1.0,6.0,0.0,0.0,1.0,6.0,0.314,0.351,0.543,0.894,19.0,0.0,1.0,0.0,0.0,0.0,0.0,0.357,135.0,137.0
platparks,as LHB@STL-Busch Stad 3,3.0,,39.0,31.0,10,10.0,0.0,1.0,2.0,10.0,0.0,0.0,6.0,3.0,0.323,0.436,0.581,1.017,18.0,2.0,1.0,0.0,1.0,0.0,0.0,0.296,170.0,214.0
platparks,as RHB@STL-Busch Stad 3,3.0,,81.0,71.0,11,17.0,3.0,0.0,4.0,10.0,1.0,0.0,8.0,12.0,0.239,0.333,0.451,0.784,32.0,3.0,2.0,0.0,0.0,1.0,0.0,0.236,108.0,126.0
platparks,as RHB@WSN-Natls Park,9.0,,222.0,207.0,40,46.0,5.0,1.0,16.0,37.0,4.0,1.0,13.0,48.0,0.222,0.271,0.488,0.759,101.0,5.0,1.0,1.0,0.0,1.0,3.0,0.21,97.0,95.0
platparks,as LHB@WSN-Natls Park,9.0,,99.0,83.0,10,20.0,2.0,0.0,4.0,9.0,3.0,0.0,13.0,21.0,0.241,0.344,0.41,0.753,34.0,0.0,0.0,3.0,0.0,4.0,0.0,0.276,102.0,101.0
platparks,as RHB@TOR-TD Ballpark,3.0,,89.0,81.0,11,25.0,3.0,0.0,3.0,11.0,0.0,0.0,4.0,22.0,0.309,0.352,0.457,0.809,37.0,2.0,2.0,1.0,1.0,1.0,1.0,0.386,115.0,95.0
platparks,as LHB@TOR-TD Ballpark,3.0,,28.0,26.0,1,4.0,1.0,0.0,0.0,1.0,0.0,0.0,2.0,8.0,0.154,0.214,0.192,0.407,5.0,2.0,0.0,0.0,0.0,0.0,1.0,0.222,11.0,15.0
